IdFatoPartidas;Home Team Goals;Away Team Goals;Win conditions;Attendance;Half-time Home Goals;Half-time Away Goals;RoundID;MatchID;IdTempo;IdArbitro;IdAssistenteUm;IdAssistenteDois;IdCidade_y;IdEtapa;IdSelecaoHome;IdSelecaoSiglaHome;IdSelecaoAway;IdSelecaoSiglaAway
0;4;1; ;4444.0;3;0;201;1096;0;191;86;291;124;2;0;0;23;23
1;3;2; ;19000.0;1;0;211;1275;4;19;135;38;17;2;0;0;23;23
2;1;1; ;69237.0;0;0;238;1650;7;20;130;131;177;2;0;0;23;23
3;0;2; ;35370.0;0;0;249722;300061451;18;7;188;9;123;8;0;0;23;23
4;3;0; ;9249.0;1;0;201;1095;0;79;20;191;122;2;5;5;23;23
5;6;3; ;42100.0;3;1;201;1086;0;296;14;285;35;2;4;4;23;23
6;2;1;Argentina win after extra time ;43000.0;0;0;97410200;97410050;17;55;54;23;180;20;4;4;23;23
7;3;1; ;84377.0;2;0;249717;300061502;18;285;58;28;149;20;4;4;23;23
8;4;0; ;81649.0;1;0;208;1187;3;276;159;239;99;2;7;7;23;23
9;5;0; ;13470.0;4;0;211;1249;4;361;318;80;17;2;7;7;23;23
10;2;0; ;10484.0;0;0;231;1461;6;96;334;323;45;4;7;7;23;23
11;0;0; ;60342.0;0;0;255931;300186509;19;81;112;258;34;8;7;7;23;23
12;2;1; ;3580.0;2;0;208;1222;3;104;90;58;49;2;11;11;23;23
13;4;1; ;11078.0;2;0;208;1225;3;180;90;372;49;2;2;2;23;23
14;6;0; ;35258.0;4;0;278;2350;10;47;145;293;43;3;19;19;23;23
15;0;0;Germany FR win on penalties (4 - 1) ;41700.0;0;0;714;575;12;94;34;336;46;19;19;19;23;23
16;2;0; ;92570.0;1;0;238;1634;7;189;72;26;177;2;18;18;23;23
17;0;0; ;61112.0;0;0;238;1689;7;190;367;203;177;2;6;6;23;23
18;2;2; ;31800.0;1;0;1014;8750;15;86;134;10;160;12;28;28;23;23
19;1;2; ;110000.0;1;2;308;428;12;113;325;234;32;9;28;28;23;23
20;4;1; ;26851.0;1;1;251;1882;8;299;109;189;97;19;15;15;23;23
21;1;1; ;52535.0;0;0;337;3078;14;174;337;50;127;12;15;15;23;23
22;3;1; ;22651.0;1;0;278;2431;10;235;119;76;7;3;32;32;23;23
23;3;0; ;34107.0;1;0;220;1415;5;179;253;112;129;4;12;12;23;23
24;1;0; ;11875.0;0;0;231;1497;6;327;367;379;45;4;14;14;23;23
25;4;0; ;13300.0;1;0;220;1403;5;109;77;244;79;4;10;10;23;23
26;2;1; ;52000.0;2;1;97410100;97410039;17;226;305;33;54;11;25;25;23;23
27;2;2; ;30600.0;2;0;1014;8766;15;10;349;139;153;12;35;35;23;23
28;2;1; ;58817.0;0;0;255951;300186508;19;266;249;361;34;20;35;35;23;23
29;2;1; ;58817.0;0;0;255951;300186508;19;266;249;361;34;20;35;35;23;23
30;2;1; ;29800.0;0;0;1024;8777;15;222;228;307;88;20;13;13;23;23
31;3;1; ;17396.0;0;1;278;2433;10;136;108;144;7;3;37;37;23;23
32;1;1; ;84490.0;0;0;249722;300061454;18;290;176;182;149;8;57;57;23;23
33;1;3; ;39100.0;1;0;1014;8732;15;39;136;320;158;12;42;42;23;23
34;1;0; ;52395.0;0;0;337;3055;14;268;236;165;127;12;50;50;23;23
35;0;1; ;103763.0;0;0;308;627;12;257;260;4;32;9;43;43;23;23
36;1;3; ;41212.0;0;0;255931;300186452;19;290;294;182;3;8;59;59;23;23
37;0;1; ;32239.0;0;0;43950100;43950009;16;155;197;3;109;14;59;59;23;23
38;3;1; ;23127.0;3;1;278;2344;10;73;272;333;39;2;0;0;10;10
39;2;1; ;71615.0;1;1;278;2199;10;128;259;266;30;2;4;4;10;10
40;4;1; ;32093.0;2;0;293;752;11;172;362;287;83;4;4;4;10;10
41;3;2; ;62500.0;2;2;3484;1278;4;187;266;149;176;0;19;19;10;10
42;1;0; ;11690.0;1;0;232;1525;6;179;52;303;37;19;16;16;10;10
43;2;1; ;26844.0;1;0;239;1676;7;126;77;123;134;19;21;21;10;10
44;6;0; ;16500.0;3;0;308;610;12;2;83;53;38;10;21;21;10;10
45;1;1; ;37000.0;0;1;293;779;11;355;122;188;111;4;28;28;10;10
46;3;1; ;26533.0;2;0;278;2396;10;35;41;148;39;2;15;15;10;10
47;4;2; ;45000.0;3;1;3487;1174;2;62;377;187;155;0;15;15;10;10
48;2;1; ;38850.0;1;0;220;1406;5;232;360;103;129;4;12;12;10;10
49;3;1; ;29886.0;1;0;238;1675;7;61;173;69;114;4;25;25;10;10
50;2;1; ;2823.0;0;1;220;1408;5;179;77;112;129;4;24;24;10;10
51;2;1; ;23000.0;1;0;418;1106;1;216;121;43;92;19;9;9;10;10
52;0;2; ;45000.0;0;1;3469;564;12;2;277;254;78;21;0;0;19;19
53;6;3; ;32483.0;3;1;3483;1382;5;51;117;211;112;16;0;0;19;19
54;1;3; ;31156.0;1;2;220;1323;5;180;166;6;98;2;4;4;19;19
55;3;2; ;114600.0;1;0;3467;393;12;18;137;366;32;0;4;4;19;19
56;1;0; ;63324.0;0;0;232;1511;6;363;364;330;104;19;2;2;19;19
57;0;2; ;67385.0;0;1;263;2066;9;208;19;270;131;9;2;2;19;19
58;4;2;England win after extra time ;96924.0;0;0;3478;1633;7;96;32;131;177;0;18;18;19;19
59;1;1; ;30500.0;1;0;308;585;12;69;324;332;36;12;6;6;19;19
60;0;3; ;53300.0;0;2;262;1954;9;156;156;270;174;2;33;33;19;19
61;1;0; ;60200.0;0;0;262;2062;9;35;231;271;174;2;30;30;19;19
62;4;3;Italy win after extra time ;102444.0;0;0;569;1838;8;363;171;381;32;21;15;15;19;19
63;3;1; ;90000.0;0;0;3475;923;11;73;194;67;144;0;15;15;19;19
64;0;1; ;62000.0;0;0;263;2064;9;186;270;316;175;9;32;32;19;19
65;3;1; ;49471.0;1;1;488;1390;5;365;321;110;112;21;12;12;19;19
66;8;3; ;56000.0;3;1;211;1277;4;187;316;149;151;3;10;10;19;19
67;3;2; ;38318.0;0;1;279;2217;10;165;183;137;43;8;9;9;19;19
68;1;2; ;78200.0;1;2;605;2063;9;324;156;37;116;0;35;35;19;19
69;2;0; ;36000.0;1;0;308;512;12;262;34;130;36;12;44;44;19;19
70;0;1; ;19800.0;0;0;309;574;12;257;260;53;46;20;41;41;19;19
71;2;1; ;76000.0;0;0;1026;8786;15;125;349;93;157;21;0;0;59;59
72;1;0; ;31800.0;1;0;1014;8772;15;38;329;218;160;15;4;4;59;59
73;3;1; ;62103.0;1;1;255931;300186456;19;240;307;248;5;8;7;7;59;59
74;1;0; ;72000.0;1;0;97410100;97410011;17;16;292;383;116;13;7;7;59;59
75;1;2; ;36472.0;0;0;43950100;43950025;16;261;322;192;85;14;15;15;59;59
76;0;1; ;31800.0;0;1;1024;8780;15;66;302;275;160;20;3;3;59;59
77;1;2; ;45500.0;1;2;1028;8787;15;134;383;129;120;16;35;35;59;59
78;0;3; ;39100.0;0;1;1025;8783;15;254;262;371;158;19;13;13;59;59
79;0;1; ;35500.0;0;0;1014;8751;15;273;155;307;87;15;58;58;59;59
80;0;0; ;41000.0;0;0;97410100;97410028;17;90;167;387;60;13;58;58;59;59
81;1;0; ;65862.0;0;0;43950100;43950044;16;217;148;377;77;14;63;63;59;59
82;0;4; ;39982.0;0;1;255931;300186453;19;266;249;361;0;8;47;47;59;59
83;1;3; ;38100.0;1;1;1014;8736;15;222;160;279;152;15;56;56;59;59
84;7;3; ;16518.0;2;2;220;1386;5;126;159;52;73;3;0;0;8;8
85;1;0;France win after extra time ;31800.0;0;0;1024;8776;15;54;373;129;152;20;0;0;8;8
86;1;0; ;48000.0;1;0;97410100;97410003;17;282;61;195;53;9;18;18;8;8
87;3;0; ;98728.0;1;0;309;536;12;9;282;11;32;20;18;18;8;8
88;1;1; ;114600.0;1;0;308;680;12;78;137;161;32;9;23;23;8;8
89;2;0; ;25811.0;1;0;208;1218;3;108;142;87;119;4;15;15;8;8
90;1;1; ;62869.0;0;1;249722;300061484;18;16;365;356;13;13;15;15;8;8
91;2;2; ;7903.0;2;1;208;1228;3;228;208;135;28;4;12;12;8;8
92;1;0; ;72000.0;0;0;97410100;97410020;17;226;305;33;116;9;12;12;8;8
93;3;1; ;24000.0;0;1;43950100;43950022;16;105;128;245;81;9;14;14;8;8
94;0;0; ;30600.0;0;0;1014;8748;15;234;329;280;153;11;14;14;8;8
95;1;0; ;25176.0;0;0;43950200;43950049;16;36;71;84;80;20;13;13;8;8
96;3;0; ;18306.0;2;0;201;1097;0;199;20;351;122;5;1;1;8;8
97;1;3; ;30176.0;1;0;43950100;43950040;16;275;210;186;80;9;62;62;8;8
98;1;3; ;33500.0;1;1;1014;8763;15;14;9;255;154;11;51;51;8;8
99;0;2; ;26643.0;0;1;249722;300061481;18;203;246;155;61;13;75;75;8;8
100;2;1; ;13554.0;2;0;220;1387;5;51;266;398;50;3;0;0;34;34
101;1;0; ;62502.0;0;0;322;74;13;166;213;179;164;10;7;7;34;34
102;2;1; ;80000.0;1;1;1014;4000;15;125;349;20;157;8;7;7;34;34
103;4;1; ;47379.0;1;1;293;790;11;307;70;281;9;7;7;7;34;34
104;1;1; ;9591.0;1;0;220;1434;5;361;266;214;6;3;2;2;34;34
105;2;1; ;30000.0;1;1;308;580;12;147;107;336;36;12;19;19;34;34
106;7;0; ;34000.0;2;0;211;1313;4;244;379;151;151;4;6;6;34;34
107;2;2; ;45000.0;0;1;293;1071;11;272;183;277;91;7;21;21;34;34
108;3;1; ;37927.0;1;1;278;2451;10;111;146;224;43;5;27;27;34;34
109;1;2; ;31823.0;0;1;322;348;13;200;242;201;95;10;12;12;34;34
110;1;0; ;25000.0;1;0;211;1236;4;119;366;152;71;4;9;9;34;34
111;3;2; ;11665.0;2;1;220;1423;5;244;143;19;73;3;8;8;34;34
112;0;2; ;27000.0;0;2;262;2176;9;302;44;392;178;3;31;31;34;34
113;1;0; ;30867.0;0;0;322;127;13;194;223;166;95;10;46;46;34;34
114;1;1; ;28000.0;0;0;293;922;11;65;114;264;84;5;0;0;16;16
115;0;0; ;14903.0;0;0;231;1462;6;303;238;95;45;4;7;7;16;16
116;4;1; ;52897.0;1;1;250;1770;8;35;194;399;78;4;7;7;16;16
117;3;1; ;68679.0;1;1;3480;1463;6;179;172;86;104;0;7;7;16;16
118;1;1; ;22021.0;0;0;429;1152;2;350;314;87;160;19;7;7;16;16
119;2;1; ;18141.0;0;1;429;1153;2;62;229;180;160;19;7;7;16;16
120;1;0; ;10647.0;1;0;220;1421;5;304;117;123;117;2;22;22;16;16
121;2;1;Northern Ireland win after extra time ;6196.0;0;0;220;1422;5;139;130;6;98;2;22;22;16;16
122;2;2; ;25000.0;0;2;220;1391;5;108;206;326;115;2;19;19;16;16
123;1;0; ;73347.0;1;0;751;197;13;166;248;201;67;19;19;19;16;16
124;1;0; ;49292.0;0;0;250;1813;8;198;118;223;78;4;18;18;16;16
125;2;0; ;41123.0;0;0;293;889;11;77;107;21;139;5;18;18;16;16
126;2;0; ;20500.0;0;0;211;1315;4;108;212;317;176;4;6;6;16;16
127;3;1; ;10648.0;2;1;231;1544;6;96;343;344;45;4;23;23;16;16
128;2;1;Italy win after extra time ;55000.0;0;0;3490;1134;1;104;31;163;105;0;15;15;16;16
129;2;0; ;73303.0;1;0;322;263;13;270;358;334;162;8;15;15;16;16
130;2;1; ;56818.0;0;1;250;1919;8;91;118;208;78;4;3;3;16;16
131;5;0; ;26000.0;4;0;211;1238;4;317;103;152;71;4;9;9;16;16
132;0;1; ;38962.0;0;1;322;43;13;312;218;12;19;8;9;9;16;16
133;1;5; ;33266.0;0;2;322;355;13;283;358;319;19;8;1;1;16;16
134;4;1; ;30043.0;2;0;293;919;11;319;137;229;84;5;0;0;82;81
135;1;1; ;25000.0;1;0;293;1012;11;103;245;367;84;5;16;16;82;81
136;1;0; ;39700.0;1;0;293;882;11;17;219;134;139;5;18;18;82;81
137;4;1; ;37000.0;1;0;294;920;11;151;290;109;171;5;0;0;22;22
138;4;0; ;11800.0;1;0;221;1385;5;126;205;19;73;19;0;0;22;22
139;3;1; ;14174.0;1;1;220;1324;5;5;130;157;117;2;4;4;22;22
140;0;0; ;25000.0;0;0;293;1044;11;120;139;264;90;6;2;2;22;22
141;2;2; ;21990.0;1;1;220;1389;5;116;6;157;98;2;19;19;22;22
142;2;2; ;20000.0;0;1;294;771;11;267;137;114;171;5;9;9;22;22
143;1;1; ;22000.0;0;1;308;379;12;57;91;272;168;11;38;38;22;22
144;1;1; ;15000.0;0;1;293;959;11;68;200;62;90;6;39;39;22;22
145;0;1; ;74240.0;0;1;255953;300186485;19;260;225;39;48;19;0;0;13;13
146;0;1; ;74240.0;0;1;255953;300186485;19;260;225;39;48;19;0;0;13;13
147;0;4; ;64100.0;0;1;249718;300061505;18;290;176;182;13;19;4;4;13;13
148;1;7; ;58141.0;0;5;255955;300186474;19;282;345;283;40;21;7;7;13;13
149;1;7; ;58141.0;0;5;255955;300186474;19;282;345;283;40;21;7;7;13;13
150;1;1; ;27152.0;0;0;206;1165;2;177;229;375;120;1;11;11;13;13
151;4;2; ;20025.0;1;2;206;1166;2;104;31;375;120;1;11;11;13;13
152;3;1; ;15000.0;1;0;3492;1130;1;33;39;113;105;21;16;16;13;13
153;2;3; ;36254.0;1;1;249720;300061510;18;16;365;356;126;16;6;6;13;13
154;2;1; ;72000.0;0;0;796;3096;14;330;384;226;64;19;29;29;13;13
155;0;1; ;41876.0;0;0;255931;300186469;19;290;294;182;3;14;1;1;13;13
156;0;3; ;72000.0;0;2;97410100;97410033;17;149;154;385;116;8;63;63;13;13
157;0;2; ;47085.0;0;0;43950100;43950035;16;192;306;257;148;12;47;47;13;13
158;0;1; ;83391.0;0;0;249722;300061468;18;311;165;49;149;11;71;71;13;13
159;4;2;France win after extra time ;21000.0;0;0;3468;422;12;78;324;12;22;16;0;0;28;28
160;3;1; ;30454.0;2;1;206;1146;2;359;199;43;155;1;0;0;28;28
161;0;1; ;95000.0;0;0;293;749;11;69;270;168;12;4;4;4;28;28
162;2;0; ;114500.0;0;0;3469;388;12;209;245;332;32;21;4;4;28;28
163;1;0; ;68551.0;1;0;255953;300186504;19;241;304;29;42;19;4;4;28;28
164;1;0; ;68551.0;1;0;255953;300186504;19;241;304;29;42;19;4;4;28;28
165;2;0; ;40440.0;0;0;43950200;43950054;16;265;111;304;86;20;7;7;28;28
166;4;4; ;14000.0;0;0;211;1240;4;300;51;301;151;5;18;18;28;28
167;1;0;England win after extra time ;34520.0;0;0;323;55;13;227;195;348;130;20;18;18;28;28
168;4;1; ;95261.0;1;0;250;1753;8;299;202;86;32;2;21;21;28;28
169;3;4;Belgium win after extra time ;32277.0;0;0;309;432;12;120;311;337;110;20;21;21;28;28
170;1;0; ;108192.0;1;0;250;1752;8;74;202;158;32;2;23;23;28;28
171;4;1; ;24000.0;1;0;211;1243;4;318;368;318;20;5;15;15;28;28
172;3;0; ;65000.0;2;0;294;782;11;307;200;63;12;2;32;32;28;28
173;1;1;Belgium win on penalties (4 - 5) ;45000.0;0;0;714;421;12;164;78;53;22;19;14;14;28;28
174;0;0; ;77000.0;0;0;1014;8733;15;75;243;402;157;12;35;35;28;28
175;5;2; ;8000.0;1;2;204;1108;1;216;244;30;66;18;13;13;28;28
176;3;2; ;60246.0;3;1;338;3085;14;283;213;66;150;20;13;13;28;28
177;3;0; ;18346.0;2;0;201;1090;0;199;239;388;122;5;1;1;28;28
178;1;0; ;12000.0;1;0;201;1089;0;336;222;206;35;5;8;8;28;28
179;2;2; ;16000.0;0;1;308;429;12;99;38;329;10;9;8;8;28;28
180;1;1; ;39700.0;1;1;43950100;43950031;16;305;326;184;113;15;37;37;28;28
181;0;1; ;61397.0;0;0;255931;300186480;19;59;85;18;5;15;42;42;28;28
182;2;2; ;55256.0;0;0;43950100;43950013;16;217;196;105;138;15;58;58;28;28
183;1;2; ;20000.0;0;2;308;427;12;94;74;310;10;9;43;43;28;28
184;3;0; ;55000.0;1;0;1014;8730;15;278;279;145;156;10;0;0;57;57
185;1;2; ;39415.0;0;2;249722;300061449;18;288;157;68;61;8;0;0;57;57
186;2;2; ;25186.0;1;0;43950100;43950006;16;226;332;64;11;9;8;8;57;57
187;1;1; ;36540.0;0;0;308;571;12;18;311;348;110;10;0;0;21;21
188;2;1; ;17268.0;2;1;232;1474;6;146;124;131;14;19;5;5;21;21
189;2;0; ;55759.0;1;0;322;30;13;120;293;12;141;9;4;4;21;21
190;2;0; ;50928.0;1;0;220;1344;5;139;261;172;112;5;7;7;21;21
191;2;1; ;68000.0;0;1;293;791;11;173;311;134;128;7;7;7;21;21
192;2;1; ;38273.0;1;0;536;1659;7;189;77;136;68;21;19;19;21;21
193;1;0;Uruguay win after extra time ;26085.0;0;0;251;1925;8;343;95;142;32;19;6;6;21;21
194;0;1; ;45000.0;0;0;294;783;11;345;82;137;12;2;28;28;21;21
195;0;0; ;107160.0;0;0;250;1902;8;332;109;350;32;2;23;23;21;21
196;0;0; ;65000.0;0;0;294;1058;11;335;219;393;12;2;32;32;21;21
197;2;0; ;31900.0;0;0;221;1437;5;180;49;103;129;19;12;12;21;21
198;2;1; ;87696.0;1;1;3479;1709;7;84;173;175;177;16;25;25;21;21
199;0;4; ;37307.0;0;2;322;111;13;274;87;295;163;9;47;47;21;21
200;4;0; ;80000.0;1;0;1014;8745;15;49;309;357;157;10;0;0;52;52
201;0;1; ;52959.0;0;1;337;3082;14;169;47;347;127;13;28;28;52;52
202;2;1; ;50535.0;0;1;337;3058;14;95;180;226;127;13;35;35;52;52
203;8;0; ;32218.0;4;0;43950100;43950004;16;15;148;286;145;12;13;13;52;52
204;2;2; ;66000.0;1;0;97410100;97410016;17;305;149;396;57;15;37;37;52;52
205;2;2; ;31800.0;1;1;1014;8764;15;295;285;128;160;10;57;57;52;52
206;1;0; ;52328.0;0;0;43950100;43950019;16;142;361;395;138;12;47;47;52;52
207;2;1; ;39100.0;1;1;1014;8762;15;75;357;402;158;10;0;0;44;44
208;3;2; ;35500.0;2;1;1025;8782;15;105;228;84;87;19;7;7;44;44
209;1;2; ;30157.0;0;1;43950100;43950003;16;206;164;84;103;8;6;6;44;44
210;2;0; ;83465.0;0;0;249722;300061478;18;321;92;365;149;12;35;35;44;44
211;0;1; ;18000.0;0;0;308;517;12;238;192;11;107;12;34;34;44;44
212;1;1; ;33500.0;0;1;1014;8746;15;329;21;133;154;10;57;57;44;44
213;0;1; ;38100.0;0;0;1014;8729;15;66;302;93;152;10;52;52;44;44
214;1;2; ;38074.0;1;1;249722;300061475;18;178;127;115;94;12;47;47;44;44
215;1;4; ;77000.0;0;2;1024;8775;15;221;147;360;157;20;51;51;44;44
216;3;0; ;43012.0;1;0;255931;300186496;19;279;96;373;33;12;0;0;39;39
217;0;0; ;28042.0;0;0;249722;300061492;18;30;68;215;61;15;11;11;39;39
218;2;0; ;54386.0;1;0;249722;300061494;18;240;307;170;31;15;14;14;39;39
219;1;1; ;49562.0;0;1;293;901;11;148;107;36;96;6;14;14;39;39
220;2;0; ;67882.0;0;0;255951;300186462;19;129;174;127;42;20;0;0;51;51
221;2;0; ;67882.0;0;0;255951;300186462;19;129;174;127;42;20;0;0;51;51
222;1;0; ;55686.0;1;0;249722;300061460;18;362;310;274;31;9;4;4;51;51
223;1;0; ;34050.0;0;0;43950100;43950007;16;346;23;246;85;13;4;4;51;51
224;2;1; ;54453.0;2;1;337;3071;14;159;125;230;59;11;4;4;51;51
225;2;1; ;36194.0;1;1;43950100;43950021;16;248;148;27;86;13;12;12;51;51
226;2;3; ;35500.0;1;1;1014;8731;15;27;347;105;87;11;14;14;51;51
227;2;1; ;31593.0;1;1;249722;300061457;18;288;157;68;61;9;55;55;51;51
228;0;2; ;53001.0;0;1;337;3083;14;231;271;16;59;11;55;55;51;51
229;0;0; ;39081.0;0;0;255931;300186505;19;347;209;297;4;13;76;69;51;51
230;0;1; ;62561.0;0;1;43950100;43950001;16;54;15;289;147;8;0;0;61;61
231;1;2;Win on Golden Goal ;39747.0;0;0;43950200;43950051;16;15;148;383;113;20;12;12;61;61
232;1;1; ;43500.0;1;0;43950100;43950020;16;36;335;186;24;8;44;44;61;61
233;0;0; ;38289.0;0;0;43950100;43950018;16;275;131;64;11;8;0;0;6;6
234;1;0; ;26000.0;1;0;309;398;12;2;83;332;22;20;4;4;6;6
235;3;1; ;51261.0;1;1;569;1771;8;246;32;223;78;21;7;7;6;6
236;3;1; ;8829.0;2;1;231;1564;6;122;113;171;14;2;2;2;6;6
237;4;0; ;40007.0;1;0;239;1660;7;118;189;273;72;19;19;19;6;6
238;1;0; ;104403.0;1;0;3477;1843;8;297;233;5;32;16;19;19;6;6
239;0;0; ;87148.0;0;0;238;1636;7;365;32;303;177;2;18;18;6;6
240;2;1; ;9973.0;1;0;231;1562;6;152;106;106;14;2;21;21;6;6
241;3;1; ;33759.0;2;0;322;66;13;164;248;339;100;12;28;28;6;6
242;0;1; ;33425.0;0;1;249722;300061450;18;160;120;370;136;8;23;23;6;6
243;2;0; ;73303.0;0;0;323;264;13;78;301;272;162;20;15;15;6;6
244;0;1; ;39706.0;0;0;255931;300186465;19;282;345;283;47;11;15;15;6;6
245;3;0; ;28300.0;0;0;262;2181;9;186;214;13;131;4;12;12;6;6
246;1;0; ;18163.0;0;0;250;1922;8;175;342;284;22;3;12;12;6;6
247;4;2;Hungary win after extra time ;45000.0;0;0;462;1295;4;137;129;384;89;21;10;10;6;6
248;3;1; ;32000.0;1;1;3485;1239;4;361;386;110;71;16;9;9;6;6
249;1;1; ;13400.0;0;0;262;1996;9;324;30;256;108;4;29;29;6;6
250;0;0; ;20000.0;0;0;308;712;12;270;100;40;107;12;34;34;6;6
251;3;3; ;33681.0;3;0;43950100;43950034;16;353;283;346;166;8;61;61;6;6
252;0;3; ;42658.0;0;1;249722;300061452;18;55;24;57;94;8;57;57;6;6
253;2;0; ;73804.0;1;0;255951;300186491;19;60;336;119;48;20;49;49;6;6
254;2;0; ;73804.0;1;0;255951;300186491;19;60;336;119;48;20;49;49;6;6
255;0;1; ;29039.0;0;0;322;290;13;176;102;173;63;12;42;42;6;6
256;6;1; ;26500.0;2;1;308;522;12;209;191;24;107;12;44;44;6;6
257;0;0; ;52000.0;0;0;97410100;97410013;17;149;154;385;69;14;0;0;11;11
258;3;1; ;65006.0;1;1;231;1473;6;21;42;399;104;3;5;5;11;11
259;1;0; ;34872.0;0;0;249722;300061493;18;7;188;9;126;15;5;5;11;11
260;2;0; ;32127.0;0;0;238;1582;7;116;386;32;72;3;4;4;11;11
261;1;0;Argentina win after extra time ;63255.0;0;0;255951;300186503;19;110;193;389;5;20;4;4;11;11
262;1;0;Argentina win after extra time ;63255.0;0;0;255951;300186503;19;110;193;389;5;20;4;4;11;11
263;2;2; ;42032.0;2;1;208;1188;3;22;55;90;119;2;7;7;11;11
264;3;0; ;7336.0;0;0;208;1230;3;123;116;85;76;2;2;2;11;11
265;2;1; ;64922.0;1;0;231;1510;6;146;205;382;104;3;19;19;11;11
266;5;0; ;36127.0;3;0;238;1656;7;258;2;205;72;3;19;19;11;11
267;3;2; ;12000.0;1;1;418;1143;1;41;251;30;161;19;16;16;11;11
268;2;0; ;43500.0;1;0;211;1263;4;365;88;342;176;5;18;18;11;11
269;3;0; ;59828.0;1;0;231;1532;6;179;95;303;104;3;15;15;11;11
270;1;4; ;61428.0;1;1;337;3062;14;154;163;120;125;8;3;3;11;11
271;2;1; ;32028.0;0;1;238;1641;7;28;386;273;72;3;14;14;11;11
272;0;1; ;62453.0;0;0;249722;300111112;18;352;115;247;27;15;14;14;11;11
273;3;0; ;53121.0;1;0;338;3086;14;337;104;226;127;20;14;14;11;11
274;2;0; ;15000.0;1;0;429;1175;2;33;39;47;172;19;10;10;11;11
275;7;5; ;35000.0;5;4;212;1237;4;115;26;318;89;19;9;9;11;11
276;1;1; ;73425.0;1;1;337;3051;14;174;337;403;125;8;1;1;11;11
277;0;3; ;40322.0;0;2;255931;300186482;19;260;225;39;0;12;39;39;11;11
278;0;2; ;65000.0;0;1;97410100;97410030;17;11;18;42;52;14;68;68;11;11
279;1;1; ;43000.0;1;0;97410100;97410029;17;16;292;383;180;14;0;0;42;42
280;4;1; ;82174.0;2;1;249722;300061458;18;90;167;387;149;9;4;4;42;42
281;3;1; ;60000.0;2;0;308;395;12;292;158;94;44;8;4;4;42;42
282;2;0; ;43000.0;1;0;97410100;97410046;17;107;141;262;56;14;11;11;42;42
283;2;1; ;30597.0;1;0;249717;300061504;18;362;310;274;126;20;6;6;42;42
284;1;1; ;45500.0;1;0;1014;8765;15;278;279;20;120;12;28;28;42;42
285;2;0; ;32790.0;0;0;322;57;13;218;327;77;100;12;28;28;42;42
286;0;0;Korea Republic win on penalties (3 - 5) ;42114.0;0;0;43950300;43950059;16;105;344;286;70;19;14;14;42;42
287;2;2; ;56247.0;0;0;337;3050;14;227;73;268;21;10;14;14;42;42
288;9;0; ;13000.0;4;0;211;1294;4;349;369;343;71;3;10;10;42;42
289;0;1; ;50239.0;0;0;43950100;43950047;16;293;15;346;75;11;25;25;42;42
290;5;0; ;55000.0;2;0;1014;8749;15;358;280;105;156;12;35;35;42;42
291;1;0; ;65256.0;0;0;43950400;43950061;16;221;23;17;147;21;13;13;42;42
292;3;2; ;63998.0;3;0;337;3076;14;270;180;154;21;10;13;13;42;42
293;7;0; ;4000.0;4;0;211;1304;4;207;266;321;17;3;20;20;42;42
294;1;1; ;37603.0;0;0;255931;300186499;19;260;225;39;2;15;54;54;42;42
295;2;2; ;61874.0;1;1;249722;300111115;18;250;64;238;27;9;51;51;42;42
296;1;0; ;2000.0;0;0;201;1094;0;325;216;291;35;2;5;5;0;0
297;1;0; ;23409.0;0;0;201;1085;0;277;313;285;122;2;4;4;0;0
298;2;1; ;71666.0;1;0;278;2197;10;100;267;397;30;2;4;4;0;0
299;5;2; ;27100.0;2;1;488;1340;5;137;379;194;129;21;7;7;0;0
300;0;3; ;80000.0;0;2;1027;8788;15;38;371;307;157;0;7;7;0;0
301;1;1;France win on penalties (3 - 4) ;65000.0;0;0;714;440;12;147;260;67;78;19;7;7;0;0
302;0;1; ;48000.0;0;0;97410300;97410060;17;220;150;233;53;19;7;7;0;0
303;2;5; ;51003.0;0;3;255931;300186514;19;60;336;119;1;12;11;11;0;0
304;1;0; ;16000.0;1;0;211;1276;4;137;37;25;89;2;2;2;0;0
305;3;2; ;12217.0;1;1;220;1388;5;137;379;103;6;3;2;2;0;0
306;3;3; win on penalties (5 - 4) ;70000.0;0;0;295;914;11;77;139;367;128;21;19;19;0;0
307;2;0; ;98270.0;1;0;238;1632;7;363;138;303;177;2;18;18;0;0
308;3;1; ;44172.0;1;1;293;878;11;128;69;72;139;5;18;18;0;0
309;2;1; ;45662.0;2;1;238;1653;7;122;60;222;179;2;6;6;0;0
310;0;0; ;64100.0;0;0;249722;300061453;18;240;307;170;13;8;6;6;0;0
311;2;1; ;42373.0;1;1;278;2347;10;272;211;333;39;2;15;15;0;0
312;1;1;Italy win on penalties (5 - 3) ;69000.0;0;0;97410600;97410064;17;107;141;262;116;0;15;15;0;0
313;3;1; ;58455.0;1;1;429;1164;2;26;377;108;155;19;15;15;0;0
314;0;0;France win on penalties (3 - 4) ;77000.0;0;0;1025;8781;15;86;371;150;157;19;15;15;0;0
315;0;2; ;70000.0;0;1;309;568;12;113;234;94;44;20;15;15;0;0
316;3;2; ;28000.0;2;1;676;921;11;128;303;188;83;16;32;32;0;0
317;1;3; ;43000.0;1;1;97410200;97410056;17;285;81;341;56;20;14;14;0;0
318;0;3; ;31420.0;0;1;308;567;12;309;282;83;110;10;10;10;0;0
319;0;1; ;66000.0;0;1;97410400;97410062;17;178;299;121;57;21;25;25;0;0
320;0;1; ;37000.0;0;1;294;767;11;252;74;229;171;5;9;9;0;0
321;3;2;Austria win after extra time ;16000.0;0;0;204;1104;1;341;57;31;161;18;9;9;0;0
322;0;1; ;65500.0;0;0;308;468;12;308;245;366;110;10;40;40;0;0
323;0;0; ;73749.0;0;0;255931;300186515;19;242;381;44;48;12;63;63;0;0
324;2;0; ;48100.0;1;0;43950100;43950033;16;222;240;100;75;8;44;44;0;0
325;0;2; ;45000.0;0;0;97410100;97410045;17;178;299;121;51;14;68;68;0;0
326;1;1; ;28300.0;0;0;262;2004;9;13;315;86;116;2;5;5;30;30
327;1;1; ;54254.0;1;1;263;1946;9;324;187;354;121;8;4;4;30;30
328;1;0; ;59863.0;0;0;263;1982;9;328;30;46;108;8;7;7;30;30
329;5;2; ;8501.0;2;0;208;1194;3;127;168;15;74;3;5;5;1;1
330;6;1; ;72886.0;1;0;202;1088;0;177;355;388;35;21;4;4;1;1
331;1;0; ;84147.0;0;0;338;3090;14;270;271;118;165;20;7;7;1;1
332;1;1; ;38646.0;1;1;249722;300061466;18;311;165;49;136;10;18;18;1;1
333;2;1;Belgium win after extra time ;51227.0;0;0;255951;300186497;19;140;1;117;1;20;28;28;1;1
334;2;1;Belgium win after extra time ;51227.0;0;0;255951;300186497;19;140;1;117;1;20;28;28;1;1
335;0;2; ;36380.0;0;1;43950200;43950053;16;222;240;41;81;20;23;23;1;1
336;7;1; ;25000.0;3;0;204;1135;1;224;121;405;105;18;15;15;1;1
337;1;1; ;46000.0;1;1;97410100;97410025;17;178;299;121;62;12;15;15;1;1
338;1;0; ;73423.0;1;0;322;265;13;71;63;366;162;8;15;15;1;1
339;3;1; ;26482.0;2;0;43950100;43950048;16;195;132;278;25;11;32;32;1;1
340;3;1; ;9511.0;0;1;208;1208;3;348;88;87;28;3;14;14;1;1
341;2;1; ;34857.0;0;0;322;48;13;9;218;272;19;8;9;9;1;1
342;1;0; ;37337.0;1;0;43950300;43950058;16;86;322;14;103;19;13;13;1;1
343;2;0; ;45500.0;1;0;1014;8738;15;38;228;255;120;13;13;13;1;1
344;1;1; ;60778.0;0;1;43950100;43950030;16;221;40;355;24;11;42;42;1;1
345;2;2; ;45573.0;2;0;249722;300061463;18;170;1;219;31;10;62;62;1;1
346;2;1; ;41000.0;2;1;97410100;97410042;17;225;319;309;60;12;71;71;1;1
347;1;2; ;39760.0;0;1;255931;300186512;19;110;193;389;47;14;71;71;1;1
348;2;0; ;66057.0;0;0;231;1472;6;21;153;55;104;3;5;5;15;15
349;1;1; ;70100.0;1;1;262;1949;9;161;151;287;106;5;4;4;15;15
350;4;1; ;107412.0;1;1;3476;1765;8;130;315;73;32;0;7;7;15;15
351;0;0;Brazil win on penalties (3 - 2) ;94194.0;0;0;3459;3104;14;268;384;120;135;0;7;7;15;15
352;2;1; ;69659.0;0;1;280;2247;10;165;156;264;30;16;7;7;15;15
353;4;1; ;30000.0;1;0;211;1301;4;137;88;200;151;5;11;11;15;15
354;2;1; ;43000.0;1;1;211;1300;4;348;26;221;89;5;11;11;15;15
355;0;0; ;65440.0;0;0;231;1507;6;89;252;382;104;3;19;19;15;15
356;0;0; ;67547.0;0;0;279;2349;10;204;156;74;30;8;19;19;15;15
357;1;2; ;39800.0;1;1;255931;300186513;19;60;336;119;0;11;18;18;15;15
358;0;0; ;29968.0;0;0;250;1884;8;130;350;160;22;3;6;6;15;15
359;1;0; ;27793.0;0;0;238;1682;7;167;84;175;134;5;21;21;15;15
360;1;1; ;39291.0;1;0;43950100;43950043;16;311;265;27;113;14;23;23;15;15
361;0;2; ;50000.0;0;1;295;996;11;63;328;21;12;21;32;32;15;15
362;2;1; ;70100.0;2;0;262;2129;9;354;375;322;106;5;32;32;15;15
363;3;2; ;36502.0;2;1;208;1219;3;197;39;352;119;4;12;12;15;15
364;2;1; ;67433.0;0;1;279;2391;10;212;276;260;30;8;35;35;15;15
365;1;2; ;74110.0;1;2;3461;3100;14;270;73;268;64;21;29;29;15;15
366;1;1; ;96000.0;0;1;308;459;12;120;78;299;32;8;29;29;15;15
367;0;2;Italy win after extra time ;65000.0;0;0;97410400;97410061;17;16;292;383;52;21;13;13;15;15
368;1;0; ;17829.0;1;0;238;1679;7;303;2;350;8;5;26;26;15;15
369;2;1;Win on Golden Goal ;38588.0;0;0;43950200;43950056;16;230;295;346;25;20;42;42;15;15
370;2;3; ;20000.0;0;1;308;643;12;314;353;12;22;8;42;42;15;15
371;0;2; ;50000.0;0;1;97410100;97410041;17;16;292;383;55;12;67;67;15;15
372;1;2;Italy win after extra time ;54367.0;0;0;338;3091;14;49;337;403;59;20;51;51;15;15
373;3;2; ;53412.0;1;0;249722;300061480;18;352;115;247;31;13;75;75;15;15
374;0;1; ;22500.0;0;1;293;764;11;63;67;21;15;3;5;5;9;9
375;1;1; ;30600.0;0;0;1014;8743;15;105;147;360;153;9;5;5;9;9
376;1;0; ;35221.0;1;0;278;2215;10;360;46;138;39;4;7;7;9;9
377;3;0; ;17788.0;1;0;220;1326;5;139;113;51;133;5;7;7;9;9
378;6;1; ;58000.0;1;0;462;1233;4;244;117;54;151;21;19;19;9;9
379;1;0; ;41000.0;1;0;293;770;11;335;7;72;29;3;19;19;9;9
380;2;2; ;15872.0;0;1;220;1327;5;50;113;406;137;5;18;18;9;9
381;2;0; ;21239.0;1;0;220;1332;5;153;261;1;137;5;21;21;9;9
382;1;0; ;35000.0;1;0;3492;1107;1;104;31;405;142;21;15;15;9;9
383;2;1; ;80000.0;0;0;1014;8757;15;101;371;169;157;9;15;15;9;9
384;1;0; ;73303.0;0;0;322;42;13;274;274;332;162;8;15;15;9;9
385;1;0; ;66695.0;1;0;279;2221;10;280;79;252;30;8;15;15;9;9
386;5;1; ;25050.0;3;0;279;2220;10;136;177;48;43;8;35;35;9;9
387;3;2; ;7000.0;3;1;3491;1105;1;64;57;113;65;16;13;13;9;9
388;0;2; ;22000.0;0;0;293;739;11;45;74;7;15;3;38;38;9;9
389;1;1; ;33500.0;0;0;1014;8727;15;134;140;308;154;9;47;47;9;9
390;1;0; ;66697.0;0;0;3481;1475;6;126;113;101;104;16;5;5;2;2
391;2;0; ;142429.0;1;0;208;1191;3;137;39;80;99;2;7;7;2;2
392;1;1; ;24637.0;0;0;211;1252;4;115;117;386;89;2;7;7;2;2
393;0;0; ;62000.0;0;0;262;1986;9;299;217;271;175;3;7;7;2;2
394;2;0; ;17000.0;1;0;212;1285;4;365;135;54;17;19;19;19;2;2
395;1;0; ;20055.0;1;0;221;1392;5;361;130;157;98;19;19;19;2;2
396;4;1; ;74765.0;2;0;322;201;13;227;227;201;67;11;19;19;2;2
397;3;1; ;5890.0;0;0;514;1559;6;96;334;171;45;21;16;16;2;2
398;6;1; ;79867.0;3;1;202;1101;0;277;313;34;35;21;6;6;2;2
399;2;0; ;9622.0;0;0;231;1563;6;102;124;294;14;2;21;21;2;2
400;2;1; ;58000.0;1;1;263;2170;9;130;231;397;175;9;32;32;2;2
401;2;1; ;41300.0;1;1;263;2182;9;256;35;202;131;9;12;12;2;2
402;1;2;Yugoslavia win after extra time ;35500.0;0;0;323;181;13;301;327;201;100;20;14;14;2;2
403;2;1; ;48000.0;1;1;293;903;11;196;145;162;96;6;14;14;2;2
404;2;1; ;33500.0;1;0;1024;8778;15;125;296;150;154;20;35;35;2;2
405;2;2; ;38100.0;0;1;1014;8753;15;239;383;371;152;13;13;13;2;2
406;0;1; ;35500.0;0;1;1014;8768;15;105;308;390;87;13;1;1;2;2
407;3;3; ;13103.0;1;2;220;1426;5;201;159;136;169;3;8;8;2;2
408;1;1; ;56000.0;0;0;262;2175;9;133;151;362;175;3;34;34;2;2
409;0;1; ;25000.0;0;0;293;962;11;67;323;162;90;6;39;39;2;2
410;1;1; ;35500.0;1;0;1014;8760;15;334;373;0;87;9;5;5;47;47
411;0;1; ;73780.0;0;0;322;26;13;345;242;201;67;9;4;4;47;47
412;3;0; ;83401.0;1;0;337;3067;14;49;182;66;165;9;7;7;47;47
413;3;2;England win after extra time ;55205.0;0;0;751;103;13;71;242;217;141;19;18;18;47;47
414;1;0; ;39216.0;0;0;255931;300186492;19;284;75;92;47;8;23;23;47;47
415;1;1; ;20000.0;0;0;293;828;11;99;330;310;41;2;15;15;47;47
416;3;0; ;29800.0;1;0;1014;8744;15;183;136;298;88;9;15;15;47;47
417;0;0; ;11000.0;0;0;293;833;11;357;290;281;132;2;27;27;47;47
418;0;0; ;19000.0;0;0;293;834;11;262;122;300;132;2;32;32;47;47
419;1;0; ;30620.0;1;0;249722;300061477;18;250;64;238;61;12;58;58;47;47
420;1;1; ;33679.0;0;1;43950100;43950002;16;157;29;377;109;12;48;48;47;47
421;6;1; ;74914.0;3;0;337;3079;14;9;110;99;165;9;54;54;47;47
422;3;1; ;40275.0;2;1;255931;300186473;19;242;381;44;2;9;5;5;33;33
423;2;0; ;66000.0;0;0;97410100;97410027;17;225;319;309;57;13;7;7;33;33
424;2;0; ;17000.0;0;0;262;1955;9;236;312;91;174;2;30;30;33;33
425;1;0; ;46000.0;0;0;97410200;97410053;17;220;150;233;62;20;15;15;33;33
426;4;0; ;62660.0;2;0;249722;300111116;18;282;61;243;27;11;13;13;33;33
427;1;1; ;34812.0;1;1;249722;300061469;18;285;58;28;136;11;71;71;33;33
428;2;2; ;52000.0;1;1;97410100;97410044;17;261;322;364;69;13;59;59;33;33
429;1;2; ;41958.0;0;2;249722;300061491;18;282;61;243;94;15;5;5;14;14
430;2;1; ;42738.0;0;0;238;1578;7;289;380;404;173;3;4;4;14;14
431;2;1; ;18715.0;0;1;231;1460;6;56;230;344;45;4;7;7;14;14
432;0;0; ;34771.0;0;0;278;2246;10;132;194;162;39;4;7;7;14;14
433;6;1; ;152772.0;3;0;209;1186;3;180;250;80;99;7;7;7;14;14
434;1;2; ;28000.0;0;2;308;551;12;52;4;254;168;11;22;22;14;14
435;1;0; ;49562.0;0;0;293;902;11;247;200;277;96;6;22;22;14;14
436;2;1; ;42187.0;1;1;238;1637;7;208;367;65;173;3;19;19;14;14
437;2;1; ;90089.0;0;0;294;900;11;65;376;264;144;3;19;19;14;14
438;1;0; ;12700.0;0;0;231;1498;6;318;230;379;45;4;16;16;14;14
439;0;0; ;35713.0;0;0;322;180;13;166;331;179;23;12;6;6;14;14
440;2;2; ;44802.0;1;2;209;1207;3;137;94;15;119;7;6;6;14;14
441;1;2; ;35950.0;1;2;322;56;13;194;223;231;100;12;28;28;14;14
442;0;3; ;39375.0;0;1;255931;300186467;19;306;351;306;4;9;33;33;14;14
443;1;0; ;43000.0;1;0;418;1123;1;224;178;405;66;19;15;15;14;14
444;1;1; ;35000.0;0;0;418;1122;1;26;385;163;66;19;15;15;14;14
445;2;1; ;53400.0;1;0;796;3097;14;268;110;230;59;19;15;15;14;14
446;3;1; ;11227.0;2;0;209;1206;3;338;220;135;119;7;12;12;14;14
447;2;1; ;40841.0;1;1;278;2216;10;252;35;164;82;4;9;9;14;14
448;0;1;Spain win after extra time ;84490.0;0;0;249721;300061509;18;352;115;247;149;0;35;35;14;14
449;0;1; ;60960.0;0;0;249719;300111114;18;160;120;370;27;21;13;13;14;14
450;1;1; ;63113.0;0;1;337;3060;14;117;384;347;150;10;13;13;14;14
451;0;1; ;55359.0;0;0;249718;300061506;18;36;207;267;31;19;8;8;14;14
452;0;3; ;23980.0;0;1;308;378;12;322;278;116;167;11;38;38;14;14
453;2;3; ;31024.0;1;2;43950100;43950039;16;206;295;156;25;9;57;57;14;14
454;1;3; ;32733.0;1;1;322;175;13;150;224;209;23;12;42;42;14;14
455;1;3; ;63089.0;0;1;337;3075;14;25;59;8;150;10;53;53;14;14
456;0;1; ;46000.0;0;1;97410100;97410047;17;72;263;2;62;15;52;52;14;14
457;1;5; ;38500.0;1;1;309;511;12;162;38;102;36;20;44;44;14;14
458;3;1; ;41459.0;2;1;201;1084;0;177;86;313;35;2;4;4;5;5
459;4;2; ;76594.0;2;1;514;1458;6;363;230;382;104;21;7;7;5;5
460;4;1; ;45500.0;3;0;1024;8773;15;37;284;280;120;20;7;7;5;5
461;1;1;Brazil win on penalties (3 - 2) ;57714.0;0;0;255951;300186487;19;352;255;107;40;20;7;7;5;5
462;1;1;Brazil win on penalties (3 - 2) ;57714.0;0;0;255951;300186487;19;352;255;107;40;20;7;7;5;5
463;3;0; ;54096.0;2;0;249717;300061500;18;352;115;247;31;20;7;7;5;5
464;1;0; ;81100.0;1;0;262;2003;9;24;342;397;116;2;19;19;5;5
465;2;0; ;67224.0;1;0;231;1471;6;89;27;159;104;3;19;19;5;5
466;4;1; ;42000.0;1;0;293;813;11;124;74;46;29;3;19;19;5;5
467;2;0; ;29703.0;1;0;208;1192;3;338;144;82;99;3;18;18;5;5
468;2;1; ;16027.0;1;1;238;1610;7;1;320;69;134;5;21;21;5;5
469;0;0; ;17400.0;0;0;262;1953;9;235;217;374;116;2;33;33;5;5
470;2;0; ;27199.0;1;0;238;1608;7;96;133;185;134;5;15;15;5;5
471;2;2; ;31800.0;1;1;1014;8726;15;46;93;218;160;9;15;15;5;5
472;2;0; ;19790.0;2;0;208;1193;3;205;230;15;99;3;14;14;5;5
473;0;2; ;74101.0;0;2;255931;300186498;19;129;174;127;48;9;14;14;5;5
474;2;0; ;62996.0;0;0;255931;300186470;19;58;246;174;5;9;35;35;5;5
475;3;2; ;16000.0;3;0;293;740;11;223;137;72;15;3;38;38;5;5
476;1;1; ;13792.0;0;1;238;1609;7;158;84;126;8;5;26;26;5;5
477;0;1; ;32664.0;0;1;249722;300061495;18;203;246;155;101;15;39;39;5;5
478;2;0; ;32500.0;1;0;293;751;11;34;201;188;83;4;4;4;81;80
479;2;0; ;89979.0;0;0;250;1823;8;145;79;89;32;2;21;21;81;80
480;3;0; ;92205.0;1;0;250;1747;8;271;151;362;32;2;28;28;81;80
481;1;0; ;15000.0;1;0;293;774;11;229;69;168;111;4;28;28;81;80
482;4;0; ;103058.0;1;0;250;1820;8;158;109;350;32;2;23;23;81;80
483;10;1; ;23000.0;3;0;293;896;11;6;82;210;111;4;10;10;81;80
484;1;3; ;44000.0;0;1;294;750;11;287;22;63;146;4;4;4;7;7
485;0;0; ;37326.0;0;0;279;2196;10;252;211;281;7;9;4;4;7;7
486;1;2; ;39400.0;1;1;263;1945;9;193;258;350;108;8;4;4;7;7
487;2;1; ;24059.0;2;0;201;1093;0;325;354;34;122;3;2;2;7;7
488;0;3; ;51000.0;0;2;308;441;12;164;348;77;78;11;22;22;7;7
489;1;2; ;47436.0;1;1;43950300;43950057;16;275;365;304;148;19;18;18;7;7
490;2;1; ;173850.0;0;0;209;1190;3;276;117;239;99;7;6;6;7;7
491;3;2; ;44000.0;2;1;294;788;11;165;70;102;146;4;15;15;7;7
492;2;1; ;33000.0;0;0;3489;1149;2;359;39;220;156;21;15;15;7;7
493;1;1; ;32569.0;1;1;278;2253;10;328;183;249;39;4;12;12;7;7
494;0;1; ;91856.0;0;0;3461;3099;14;330;236;230;135;21;12;12;7;7
495;3;1; ;21000.0;3;0;204;1111;1;42;65;163;95;18;14;14;7;7
496;0;1; ;35748.0;0;0;308;439;12;32;328;177;78;11;14;14;7;7
497;3;1; ;51387.0;1;1;238;1597;7;84;173;399;68;4;10;10;7;7
498;4;2; ;40000.0;2;1;212;1248;4;108;212;398;176;19;10;10;7;7
499;3;1; ;58479.0;2;0;238;1598;7;233;60;81;68;4;25;25;7;7
500;0;0; ;62712.0;0;0;249722;300111111;18;16;365;356;27;14;25;25;7;7
501;2;3; ;63500.0;0;0;796;3098;14;25;8;120;21;19;35;35;7;7
502;2;1; ;40186.0;0;1;249718;300061507;18;240;307;170;126;19;35;35;7;7
503;2;0; ;53700.0;0;0;263;1983;9;332;95;345;178;8;35;35;7;7
504;0;2; ;69029.0;0;0;43950600;43950064;16;75;210;328;77;0;13;13;7;7
505;0;3; ;36200.0;0;1;262;1987;9;272;19;256;121;3;31;31;7;7
506;0;0; ;62000.0;0;0;262;1985;9;339;270;199;175;3;34;34;7;7
507;2;5; ;38524.0;1;3;43950100;43950041;16;105;128;41;166;10;46;46;7;7
508;1;4; ;65000.0;1;1;97410100;97410043;17;263;89;353;52;13;58;58;7;7
509;1;4; ;69112.0;1;2;255931;300186472;19;110;193;389;42;8;47;47;7;7
510;3;1;Argentina win after extra time ;71483.0;0;0;639;2198;10;132;35;199;30;0;4;4;35;35
511;1;1;Brazil win on penalties (4 - 2) ;54000.0;0;0;1026;8785;15;54;147;10;156;21;7;7;35;35
512;0;3; ;68034.0;0;2;255957;300186502;19;140;1;117;42;17;7;7;35;35
513;0;3; ;68034.0;0;2;255957;300186502;19;140;1;117;42;17;7;7;35;35
514;3;2; ;33000.0;2;1;204;1133;1;104;39;45;142;18;11;11;35;35
515;2;1; ;74559.0;0;0;323;196;13;194;181;231;67;20;19;19;35;35
516;2;2; ;40750.0;1;1;279;2348;10;35;80;72;43;8;19;19;35;35
517;3;0;Czechoslovakia win after extra time ;11000.0;0;0;206;1172;2;181;264;325;16;1;16;16;35;35
518;0;0; ;35267.0;0;0;322;160;13;257;162;71;143;13;18;18;35;35
519;0;2; ;55100.0;0;1;262;2098;9;252;190;287;108;4;6;6;35;35
520;2;3; ;62479.0;1;1;249719;300061512;18;290;176;182;13;21;6;6;35;35
521;1;0; ;62387.0;0;0;337;3069;14;211;16;201;18;13;28;28;35;35
522;2;3; ;42877.0;1;1;255931;300186478;19;140;1;117;33;9;33;33;35;35
523;0;2; ;68348.0;0;1;263;2067;9;299;211;91;121;8;30;30;35;35
524;1;5; ;48173.0;1;1;255931;300186510;19;241;304;29;1;9;14;14;35;35
525;1;0; ;41000.0;1;0;97410200;97410052;17;149;154;385;60;20;25;25;35;35
526;1;4; ;53300.0;0;2;262;1990;9;45;41;114;178;4;29;29;35;35
527;3;2; ;35130.0;1;1;278;2395;10;186;270;327;140;5;34;34;35;35
528;0;1; ;43000.0;0;1;97410100;97410006;17;225;319;309;180;10;65;65;35;35
529;1;1; ;33288.0;0;1;322;228;13;345;218;153;26;13;48;48;35;35
530;1;2; ;63093.0;0;1;249722;300061473;18;264;36;241;13;12;47;47;35;35
531;1;2; ;60578.0;0;1;337;3081;14;326;384;118;18;13;41;41;35;35
532;1;0; ;7134.0;1;0;231;1447;6;126;52;242;37;5;4;4;29;29
533;2;0; ;65000.0;1;0;308;389;12;333;25;225;44;8;4;4;29;29
534;0;2; ;63998.0;0;0;337;3084;14;154;382;292;21;11;4;4;29;29
535;2;0; ;47308.0;1;0;238;1596;7;332;256;350;68;4;7;7;29;29
536;5;2; ;12710.0;2;1;250;1774;8;246;363;305;110;5;19;19;29;29
537;0;0; ;5700.0;0;0;231;1464;6;44;297;56;37;5;18;18;29;29
538;2;0; ;114580.0;1;0;309;463;12;18;245;161;32;20;23;23;29;29
539;1;1;Bulgaria win on penalties (1 - 3) ;71030.0;0;0;338;3092;14;9;126;8;64;20;23;23;29;29
540;3;2; ;13765.0;0;1;250;1780;8;297;5;227;110;5;27;27;29;29
541;0;0; ;23800.0;0;0;262;1995;9;255;156;345;131;4;12;12;29;29
542;4;0; ;91500.0;4;0;3460;3103;14;54;298;347;135;16;12;12;29;29
543;6;1; ;38100.0;2;0;1014;8761;15;337;160;298;152;11;14;14;29;29
544;3;1; ;24129.0;2;1;238;1599;7;131;143;70;114;4;10;10;29;29
545;6;1; ;7442.0;4;0;231;1470;6;126;95;331;37;5;10;10;29;29
546;3;0; ;25438.0;2;0;238;1602;7;70;152;362;114;4;25;25;29;29
547;0;0; ;29800.0;0;0;1014;8728;15;10;308;139;88;11;8;8;29;29
548;1;1; ;45000.0;0;1;308;460;12;8;175;59;44;8;42;42;29;29
549;1;0; ;45500.0;1;0;1014;8747;15;295;99;275;120;11;51;51;29;29
550;3;0; ;44132.0;2;0;337;3061;14;25;110;50;21;11;51;51;29;29
551;4;1; ;25900.0;2;0;262;1947;9;294;187;251;116;5;4;4;36;36
552;3;1; ;53000.0;0;0;262;2083;9;188;257;222;116;5;15;15;36;36
553;2;1; ;114580.0;0;0;714;392;12;40;352;102;32;19;4;4;18;18
554;2;2;Argentina win on penalties (4 - 3) ;30600.0;0;0;1024;8779;15;239;0;10;153;20;4;4;18;18
555;0;1; ;35927.0;0;1;43950100;43950023;16;75;365;304;145;13;4;4;18;18
556;1;0; ;66843.0;0;0;250;1764;8;165;380;213;78;4;7;7;18;18
557;0;0; ;40895.0;0;0;220;1339;5;102;215;406;112;5;7;7;18;18
558;3;1; ;17736.0;1;1;232;1459;6;303;101;58;45;19;7;7;18;18
559;1;1; win on penalties (4 - 3) ;62628.0;0;0;3464;159;13;274;287;269;164;21;19;19;18;18
560;0;0; ;75000.0;0;0;294;879;11;73;269;234;144;3;19;19;18;18
561;3;2;Germany FR win after extra time ;23357.0;0;0;251;1811;8;74;363;261;110;19;19;19;18;18
562;4;2; ;28000.0;2;1;212;1264;4;318;333;259;151;19;6;6;18;18
563;2;1; ;62575.0;1;0;255931;300186486;19;80;13;401;5;11;6;6;18;18
564;1;0; ;23182.0;0;0;220;1373;5;102;48;326;112;5;21;21;18;18
565;2;2; ;49348.0;1;0;220;1372;5;365;261;172;112;5;21;21;18;18
566;2;1; ;51426.0;0;0;3463;162;13;270;162;295;163;16;15;15;18;18
567;2;1; ;33500.0;0;0;1014;8756;15;37;284;338;154;14;3;3;18;18
568;2;2; ;45000.0;0;1;97410100;97410035;17;55;54;23;51;9;12;12;18;18
569;1;0; ;74462.0;0;0;208;1199;3;123;220;85;99;3;14;14;18;18
570;0;0; ;75000.0;0;0;294;877;11;262;362;188;144;3;14;14;18;18
571;2;1; ;7938.0;1;0;231;1490;6;146;42;143;37;5;10;10;18;18
572;1;0; ;23000.0;0;0;308;538;12;286;107;12;167;13;25;25;18;18
573;4;1; ;40510.0;2;1;249717;300061501;18;178;127;115;61;20;13;13;18;18
574;1;0; ;10151.0;1;0;208;1202;3;88;97;132;76;3;1;1;18;18
575;0;0; ;57823.0;0;0;255931;300186484;19;140;1;117;40;11;46;46;18;18
576;0;2; ;38100.0;0;2;1014;8770;15;49;296;308;152;14;49;49;18;18
577;0;1; ;36893.0;0;1;249722;300061462;18;362;310;274;126;10;62;62;18;18
578;0;3; ;40582.0;0;3;43950200;43950050;16;225;254;17;109;20;44;44;18;18
579;0;0; ;44864.0;0;0;43950100;43950038;16;141;365;17;118;13;51;51;18;18
580;6;0; ;52000.0;3;0;97410100;97410021;17;285;81;341;54;10;4;4;65;65
581;3;2; ;66000.0;1;2;97410100;97410038;17;282;61;195;57;10;70;70;65;65
582;2;1; ;49480.0;2;0;97410100;97410005;17;90;167;387;55;10;4;4;70;70
583;3;1; ;84455.0;1;0;249722;300061488;18;321;92;365;149;14;7;7;70;70
584;2;1; ;52000.0;2;1;97410100;97410022;17;288;339;250;69;10;35;35;70;70
585;0;3; ;34763.0;0;2;249722;300061486;18;23;235;401;101;14;26;26;70;70
586;2;1; ;68748.0;0;0;255931;300186468;19;352;255;107;42;10;49;49;70;70
587;2;1; ;59095.0;1;0;255931;300186455;19;347;209;297;34;10;55;55;70;70
588;1;1; ;52733.0;0;0;322;29;13;309;352;207;141;9;4;4;3;3
589;3;2; ;50804.0;2;1;250;1769;8;210;35;208;78;4;7;7;3;3
590;2;1; ;9000.0;0;1;204;1141;1;177;314;324;93;18;16;16;3;3
591;1;0; ;50560.0;0;0;250;1812;8;193;221;88;78;4;18;18;3;3
592;4;0; ;70022.0;4;0;201;1100;0;277;370;313;35;4;6;6;3;3
593;0;2; ;42907.0;0;1;322;342;13;63;330;329;163;9;21;21;3;3
594;0;1; ;93869.0;0;1;337;3073;14;337;104;104;135;8;1;1;3;3
595;1;3; ;91856.0;1;2;337;3053;14;9;8;167;135;8;49;49;3;3
596;0;0;Republic of Ireland win on penalties (5 - 4) ;31818.0;0;0;323;248;13;274;223;217;95;20;48;48;3;3
597;2;1; ;38687.0;0;0;322;108;13;308;325;269;163;9;47;47;3;3
598;2;1; ;8000.0;0;1;206;1157;2;42;62;220;154;1;17;17;3;3
599;3;3; ;7000.0;0;0;206;1156;2;298;356;235;154;1;17;17;3;3
600;6;0; ;37315.0;2;0;279;2201;10;360;41;144;7;9;4;4;27;27
601;4;2; ;54233.0;2;1;251;1768;8;193;233;111;78;19;7;7;27;27
602;3;0; ;31278.0;2;0;279;2251;10;272;108;397;140;9;7;7;27;27
603;3;1; ;17875.0;3;1;250;1840;8;3;268;314;110;5;19;19;27;27
604;1;0; ;57735.0;0;0;201;1099;0;177;33;78;35;4;6;6;27;27
605;1;1; ;25000.0;1;0;293;994;11;112;303;181;41;2;15;15;27;27
606;5;1; ;25000.0;0;0;293;1055;11;287;330;310;132;2;32;32;27;27
607;1;0; ;35288.0;0;0;279;2450;10;253;76;76;140;9;32;32;27;27
608;3;1; ;2549.0;1;0;201;1098;0;351;203;228;124;4;3;3;27;27
609;0;0; ;28125.0;0;0;278;2394;10;267;79;164;140;5;35;35;27;27
610;2;0; ;37091.0;1;0;279;2202;10;111;257;138;7;9;4;4;32;32
611;0;1; ;77100.0;0;0;264;1984;9;13;257;251;116;16;7;7;32;32
612;3;1; ;39586.0;1;1;279;2252;10;310;179;146;140;9;7;7;32;32
613;4;0; ;45000.0;1;0;309;444;12;286;232;336;78;20;7;7;32;32
614;6;5;Brazil win after extra time ;13452.0;0;0;206;1150;2;104;281;180;159;1;7;7;32;32
615;0;0; ;67579.0;0;0;278;2351;10;74;177;74;30;3;19;19;32;32
616;3;0; ;22700.0;3;0;308;537;12;85;50;67;167;13;18;18;32;32
617;0;0; ;33000.0;0;0;293;995;11;345;286;287;41;2;15;15;32;32
618;0;1; ;44955.0;0;1;263;2167;9;35;156;271;106;9;12;12;32;32
619;4;0; ;31000.0;1;0;43950100;43950032;16;86;332;122;81;11;25;25;32;32
620;1;0; ;65000.0;0;0;97410100;97410017;17;220;150;233;52;8;13;13;32;32
621;0;7; ;25300.0;0;5;262;2085;9;320;41;114;116;5;36;36;32;32
622;1;2; ;43000.0;1;1;97410100;97410034;17;202;275;140;56;8;46;46;32;32
623;2;0; ;48760.0;1;0;43950100;43950014;16;288;105;198;11;11;42;42;32;32
624;0;0; ;19900.0;0;0;308;674;12;213;287;358;46;13;41;41;32;32
625;5;0; ;45500.0;1;0;1014;8752;15;254;262;232;120;15;4;4;56;56
626;1;2; ;39100.0;0;1;1014;8771;15;39;17;84;158;15;58;58;56;56
627;1;0; ;33500.0;1;0;1014;8734;15;337;357;128;154;15;4;4;58;58
628;3;1; ;46000.0;0;1;97410100;97410012;17;0;93;253;62;13;33;33;58;58
629;1;0; ;62010.0;0;0;249722;300111117;18;30;68;215;27;12;35;35;58;58
630;0;0;Paraguay win on penalties (5 - 3) ;36742.0;0;0;249717;300061497;18;90;167;387;94;20;8;8;58;58
631;0;2; ;45213.0;0;0;43950100;43950045;16;346;23;183;118;15;37;37;58;58
632;2;1; ;40267.0;0;1;255931;300186507;19;249;28;296;3;10;70;70;58;58
633;1;3; ;27967.0;0;2;249722;300061474;18;87;263;240;136;12;44;44;58;58
634;2;1; ;74738.0;1;0;255931;300186477;19;4;346;407;48;13;4;4;77;76
635;1;0; ;40499.0;1;0;255931;300186511;19;269;169;302;2;13;51;51;77;76
636;1;0; ;57698.0;0;0;255931;300186466;19;219;300;97;40;13;4;4;76;69
637;2;0; ;48000.0;0;0;97410100;97410024;17;263;89;353;53;11;25;25;76;69
638;3;0; ;33431.0;1;0;278;2388;10;133;378;74;140;5;35;35;76;69
639;1;1; ;7938.0;1;0;278;2408;10;236;290;72;43;5;34;34;76;69
640;3;1; ;48011.0;1;0;255931;300186464;19;80;13;401;1;13;77;76;76;69
641;1;0; ;30600.0;0;0;1014;8735;15;326;285;276;153;13;2;2;69;69
642;3;1; ;41000.0;1;1;97410100;97410007;17;285;81;341;60;11;23;23;69;69
643;4;1; ;21262.0;3;1;278;2405;10;151;226;397;43;5;27;27;69;69
644;2;0; ;29800.0;0;0;1014;8767;15;134;140;93;88;13;13;13;69;69
645;1;2; ;39100.0;0;1;1014;8754;15;221;296;150;158;13;1;1;69;69
646;4;0; ;54456.0;2;0;337;3059;14;12;271;99;59;11;4;4;55;55
647;4;0; ;63160.0;1;0;337;3072;14;54;8;60;150;11;29;29;55;55
648;1;1;Costa Rica win on penalties (5 - 3) ;41242.0;0;0;255951;300186459;19;59;85;18;3;20;46;46;55;55
649;1;1;Costa Rica win on penalties (5 - 3) ;41242.0;0;0;255951;300186459;19;59;85;18;3;20;46;46;55;55
650;3;0; ;57174.0;1;0;255931;300186471;19;129;174;127;40;10;49;49;55;55
651;2;0; ;31513.0;1;0;249722;300061459;18;143;169;216;126;9;42;42;55;55
652;0;0; ;39485.0;0;0;255931;300186454;19;4;346;407;47;10;58;58;55;55
653;1;0; ;61058.0;0;0;43950400;43950062;16;239;374;340;138;21;7;7;20;20
654;2;1; ;33842.0;0;1;43950100;43950010;16;163;198;124;103;10;7;7;20;20
655;7;2; ;17000.0;3;1;211;1284;4;349;129;98;71;3;19;19;20;20
656;4;1; ;28000.0;1;1;211;1283;4;82;386;236;176;3;19;19;20;20
657;0;1;Win on Golden Goal ;44233.0;0;0;43950300;43950060;16;288;295;141;118;19;61;61;20;20
658;1;1; ;42299.0;0;0;43950100;43950028;16;72;93;245;75;10;46;46;20;20
659;2;3; ;63483.0;1;3;43950500;43950063;16;206;15;383;24;22;42;42;20;20
660;0;1; ;45666.0;0;1;43950200;43950055;16;75;374;335;102;20;58;58;20;20
661;4;0; ;25466.0;1;0;201;1091;0;31;239;368;35;3;7;7;53;53
662;4;0; ;18306.0;0;0;201;1092;0;214;216;388;122;3;2;2;53;53
663;8;0; ;5284.0;4;0;208;1185;3;276;366;196;76;5;6;6;53;53
664;1;0; ;63117.0;0;0;337;3049;14;49;47;104;150;10;13;13;53;53
665;0;0; ;54453.0;0;0;337;3065;14;231;241;118;59;10;42;42;53;53
666;5;2; ;49737.0;2;1;3482;1343;5;139;113;136;129;0;7;7;12;12
667;4;2; ;12000.0;1;2;3488;1151;2;177;264;369;160;16;7;7;12;12
668;2;1; ;62628.0;1;0;322;75;13;176;362;173;164;10;7;7;12;12
669;1;1; ;77217.0;0;1;337;3080;14;268;236;230;125;9;7;7;12;12
670;7;1; ;138886.0;3;0;209;1189;3;108;142;87;99;7;7;7;12;12
671;4;2; ;67800.0;0;1;263;2065;9;161;290;311;131;9;19;19;12;12
672;1;1; ;52721.0;1;0;43950100;43950005;16;311;265;105;138;13;18;18;12;12
673;3;2; ;7987.0;1;2;209;1231;3;123;39;90;119;7;6;6;12;12
674;1;0; ;13433.0;1;0;250;1883;8;324;315;175;97;3;15;15;12;12
675;2;2;Sweden win on penalties (4 - 5) ;83500.0;0;0;796;3095;14;97;273;265;165;19;3;3;12;12
676;1;0; ;42132.0;0;0;278;2337;10;43;177;281;82;4;14;14;12;12
677;5;1; ;20000.0;3;1;3489;1176;2;181;359;315;120;21;10;10;12;12
678;1;0; ;41424.0;1;0;278;2224;10;77;226;327;82;4;9;9;12;12
679;0;0; ;53700.0;0;0;262;2097;9;356;350;354;178;4;35;35;12;12
680;2;1; ;3000.0;0;0;418;1129;1;33;247;375;142;19;13;13;12;12
681;2;0; ;66000.0;2;0;97410200;97410049;17;311;341;75;57;20;13;13;12;12
682;1;3; ;60277.0;0;1;338;3087;14;211;16;60;21;20;52;52;12;12
683;2;2; ;93194.0;1;1;337;3056;14;326;182;8;135;9;47;47;12;12
684;0;0; ;62959.0;0;0;97410100;97410004;17;202;275;140;52;9;64;64;12;12
685;1;0; ;25923.0;0;0;221;1345;5;304;161;106;112;19;7;7;24;24
686;1;1; ;15150.0;0;1;220;1418;5;182;205;70;129;4;23;23;24;24
687;0;0; ;30287.0;0;0;220;1438;5;342;208;193;129;4;12;12;24;24
688;1;1; ;15343.0;1;1;220;1407;5;70;208;376;79;4;10;10;24;24
689;2;1; ;60342.0;1;0;255953;300186461;19;80;13;401;34;19;7;7;49;49
690;2;1; ;60342.0;1;0;255953;300186461;19;80;13;401;34;19;7;7;49;49
691;0;2; ;83401.0;0;1;337;3074;14;227;73;167;165;8;11;11;49;49
692;5;0; ;7167.0;2;0;231;1480;6;281;185;131;14;2;2;2;49;49
693;1;0; ;32257.0;0;0;322;120;13;2;186;96;130;11;2;2;49;49
694;1;1; ;72510.0;0;0;322;114;13;313;227;190;67;11;19;19;49;49
695;2;1; ;7908.0;0;1;231;1479;6;98;124;131;14;2;6;6;49;49
696;4;4; ;8040.0;3;1;231;1478;6;114;106;294;14;2;21;21;49;49
697;1;0; ;39100.0;1;0;1014;8739;15;185;9;0;158;14;3;3;49;49
698;2;1; ;93869.0;1;0;337;3063;14;29;291;292;135;8;1;1;49;49
699;1;4; ;40340.0;1;1;255931;300186457;19;266;249;361;2;10;58;58;49;49
700;2;1;Cameroon win after extra time ;50026.0;0;0;323;102;13;176;11;366;141;20;47;47;49;49
701;0;2; ;30791.0;0;0;322;119;13;78;338;336;130;11;45;45;49;49
702;1;0; ;58007.0;1;0;322;73;13;154;102;217;164;10;7;7;46;46
703;4;1; ;47673.0;1;0;323;129;13;164;274;79;163;20;16;16;46;46
704;1;3; ;58679.0;1;0;255931;300186489;19;53;43;212;34;11;6;6;46;46
705;0;1; ;40285.0;0;1;255931;300186500;19;249;28;296;3;11;15;15;46;46
706;1;2; ;30223.0;1;0;322;128;13;257;327;77;95;10;12;12;46;46
707;0;0;Netherlands win on penalties (4 - 3) ;51179.0;0;0;255953;300186488;19;290;294;182;1;19;35;35;46;46
708;0;0;Netherlands win on penalties (4 - 3) ;51179.0;0;0;255953;300186488;19;290;294;182;1;19;35;35;46;46
709;4;2; ;66000.0;2;1;97410100;97410001;17;107;141;262;57;8;13;13;46;46
710;0;2; ;27217.0;0;0;43950100;43950012;16;344;240;278;70;10;60;60;46;46
711;3;0; ;50000.0;1;0;97410100;97410018;17;72;263;2;55;8;63;63;46;46
712;4;0; ;36750.0;3;0;43950100;43950026;16;121;210;125;80;10;7;7;60;60
713;3;0; ;43605.0;2;0;43950100;43950042;16;288;344;64;147;10;20;20;60;60
714;2;0; ;81061.0;1;0;337;3057;14;185;298;288;165;9;7;7;54;54
715;1;0; ;73819.0;0;0;255931;300186481;19;53;43;212;48;15;28;28;54;54
716;3;2; ;46640.0;1;0;43950100;43950046;16;239;322;184;148;15;28;28;54;54
717;3;1; ;71528.0;1;1;337;3068;14;270;126;154;125;9;12;12;54;54
718;1;1; ;39311.0;0;1;255931;300186506;19;81;112;258;4;15;38;38;54;54
719;1;0; ;66108.0;0;0;43950100;43950029;16;225;254;17;77;15;58;58;54;54
720;0;1; ;61381.0;0;0;323;25;13;270;331;263;164;20;7;7;4;4
721;0;0; win on penalties (2 - 3) ;38971.0;0;0;751;31;13;283;186;153;19;19;2;2;4;4
722;0;0; ;46587.0;0;0;238;1579;7;364;130;205;173;3;19;19;4;4
723;1;0; ;73603.0;0;0;3462;27;13;71;274;201;162;0;19;19;4;4
724;6;1; ;16418.0;3;0;220;1325;5;108;206;326;115;2;16;16;4;4
725;3;1; ;9794.0;2;0;231;1450;6;179;297;242;37;5;18;18;4;4
726;1;0; ;90584.0;0;0;239;1577;7;167;101;406;177;19;18;18;4;4
727;4;2; ;68346.0;1;2;405;1087;0;177;313;78;35;0;6;6;4;4
728;1;0; ;71712.0;0;0;278;2200;10;165;156;293;30;2;15;15;4;4
729;2;1; ;43000.0;0;0;294;753;11;272;139;188;146;4;15;15;4;4
730;1;1; win on penalties (3 - 4) ;59978.0;0;0;3464;28;13;345;213;237;141;21;15;15;4;4
731;1;1; ;32000.0;1;1;308;394;12;162;232;336;22;8;15;15;4;4
732;3;2; ;32700.0;2;0;262;1952;9;328;12;86;106;5;32;32;4;4
733;3;2; ;90469.0;2;1;338;3088;14;251;291;230;135;20;3;3;4;4
734;3;2; ;14000.0;1;1;204;1102;1;48;66;363;92;18;12;12;4;4
735;1;1; ;45777.0;0;0;43950100;43950037;16;54;254;286;102;13;12;12;4;4
736;0;0; ;7945.0;0;0;231;1451;6;363;53;136;37;5;10;10;4;4
737;0;0;Argentina win on penalties (2 - 4) ;63267.0;0;0;255955;300186490;19;81;112;258;5;21;35;35;4;4
738;0;0;Argentina win on penalties (2 - 4) ;63267.0;0;0;255955;300186490;19;81;112;258;5;21;35;35;4;4
739;2;1; ;55000.0;1;1;1025;8784;15;49;285;308;156;19;35;35;4;4
740;0;0; ;48000.0;0;0;97410100;97410037;17;220;150;233;53;10;35;35;4;4
741;4;0; ;56548.0;2;0;263;1948;9;89;350;176;121;8;35;35;4;4
742;1;0;Germany win after extra time ;74738.0;0;0;255959;300186501;19;241;304;29;48;0;13;13;4;4
743;1;0;Germany win after extra time ;74738.0;0;0;255959;300186501;19;241;304;29;48;0;13;13;4;4
744;1;1;Germany win on penalties (4 - 2) ;72000.0;0;0;97410300;97410057;17;226;305;33;116;19;13;13;4;4
745;0;2; ;38891.0;0;0;249722;300061455;18;290;176;182;123;9;55;55;4;4
746;2;3; ;43285.0;1;2;255931;300186458;19;241;304;29;33;13;51;51;4;4
747;3;0; ;65000.0;2;0;97410200;97410055;17;226;305;33;52;20;7;7;71;71
748;1;1;Uruguay win on penalties (4 - 2) ;84017.0;0;0;249718;300061508;18;250;64;238;149;19;6;6;71;71
749;2;0; ;43000.0;1;0;97410100;97410009;17;311;341;75;56;12;15;15;71;71
750;2;1; ;67540.0;1;0;255931;300186476;19;306;351;306;42;14;25;25;71;71
751;2;2; ;59621.0;0;0;255931;300186493;19;279;96;373;34;14;13;13;71;71
752;1;2;Ghana win after extra time ;34976.0;0;0;249717;300061503;18;160;120;370;136;20;1;1;71;71
753;0;2; ;45000.0;0;1;97410100;97410026;17;107;141;262;51;12;67;67;71;71
754;0;1; ;38833.0;0;0;249722;300061471;18;30;68;215;94;11;73;73;71;71
755;1;2; ;55000.0;0;0;1014;8759;15;27;243;84;156;8;7;7;50;50
756;1;0; ;74624.0;0;0;337;3064;14;169;382;268;64;12;15;15;50;50
757;1;0; ;55000.0;1;0;1024;8774;15;144;317;371;156;20;15;15;50;50
758;2;1;Italy win after extra time ;19000.0;0;0;206;1179;2;41;45;359;156;1;15;15;50;50
759;1;1; ;31800.0;0;0;1014;8741;15;334;17;290;160;8;34;34;50;50
760;0;0; ;72404.0;0;0;337;3077;14;330;16;265;64;12;48;48;50;50
761;2;2; ;29800.0;1;1;1014;8725;15;14;0;394;88;8;41;41;50;50
762;3;0; ;35500.0;2;0;1014;8742;15;184;111;390;87;8;7;7;41;41
763;2;1; ;12942.0;0;1;250;1839;8;343;268;381;110;5;19;19;41;41
764;0;0; ;20200.0;0;0;308;533;12;135;123;179;167;13;18;18;41;41
765;1;0; ;61219.0;1;0;337;3054;14;330;59;400;18;13;28;28;41;41
766;3;0; ;13537.0;0;0;250;1893;8;28;237;314;110;5;27;27;41;41
767;1;3; ;28000.0;0;2;308;675;12;313;56;299;168;13;25;25;41;41
768;1;1; ;12299.0;1;0;250;1779;8;291;32;378;110;5;29;29;41;41
769;0;3; ;30600.0;0;1;1014;8758;15;54;347;129;153;8;34;34;41;41
770;2;1; ;76322.0;2;1;337;3070;14;97;273;400;64;13;52;52;41;41
771;4;0; ;43000.0;2;0;293;789;11;215;194;76;9;7;7;7;74;74
772;3;0; ;19000.0;1;0;293;1054;11;106;330;393;91;7;21;21;74;74
773;1;1; ;38229.0;1;1;249722;300061482;18;36;207;267;101;13;15;15;74;74
774;0;0; ;34850.0;0;0;249722;300061479;18;240;307;170;123;13;8;8;74;74
775;5;2; ;36000.0;3;0;293;1051;11;314;70;109;91;7;34;34;74;74
776;1;0; ;48000.0;0;0;308;377;12;223;234;282;78;11;7;7;38;38
777;1;2; ;42000.0;0;0;293;741;11;171;22;62;29;3;19;19;38;38
778;0;0; ;64100.0;0;0;249722;300061464;18;290;176;182;13;10;18;18;38;38
779;2;1; ;56800.0;0;1;255931;300186479;19;282;345;283;40;15;28;28;38;38
780;2;1;Germany win after extra time ;;0;0;255951;300186460;19;279;96;373;33;20;13;13;38;38
781;2;1;Germany win after extra time ;;0;0;255951;300186460;19;279;96;373;33;20;13;13;38;38
782;1;0; ;35827.0;0;0;249722;300061461;18;90;167;387;94;10;1;1;38;38
783;2;4; ;42732.0;0;3;255931;300186495;19;284;98;197;33;15;42;42;38;38
784;2;1; ;54331.0;0;0;249722;300061490;18;160;120;370;31;14;7;7;26;26
785;3;0; ;23006.0;2;0;238;1710;7;126;189;95;8;5;21;21;26;26
786;5;3; ;40248.0;2;3;239;1702;7;20;138;323;68;19;25;25;26;26
787;7;0; ;63644.0;1;0;249722;300061487;18;264;36;241;13;14;25;25;26;26
788;2;1; ;68351.0;0;1;255931;300186494;19;290;294;182;42;12;11;11;63;63
789;1;0; ;52000.0;0;0;97410200;97410051;17;90;167;387;69;20;18;18;63;63
790;2;1; ;45610.0;1;1;43950100;43950027;16;83;3;183;102;14;23;23;63;63
791;2;0; ;31081.0;2;0;43950100;43950011;16;141;365;328;145;14;15;15;63;63
792;0;2; ;52000.0;0;1;97410100;97410002;17;157;170;178;54;8;32;32;63;63
793;1;2; ;39224.0;1;1;255931;300186463;19;59;85;18;4;12;39;39;63;63
794;0;0;Ukraine win on penalties (0 - 3) ;45000.0;0;0;97410200;97410054;17;16;292;383;51;20;11;11;72;72
795;3;0; ;50000.0;1;0;97410300;97410058;17;90;167;387;55;19;15;15;72;72
796;4;0; ;43000.0;2;0;97410100;97410015;17;55;54;23;180;15;14;14;72;72
797;0;4; ;50000.0;0;2;97410100;97410032;17;261;322;364;55;15;52;52;72;72
798;9;0; ;31700.0;6;0;262;2186;9;93;214;37;121;3;2;2;31;31
799;4;1; ;27833.0;2;1;322;364;13;322;248;380;130;11;2;2;45;45
800;5;1; ;71169.0;2;0;322;198;13;316;338;263;67;11;19;19;45;45
801;0;0; ;30667.0;0;0;278;2352;10;245;80;271;43;3;19;19;37;37
802;2;0; ;55000.0;1;0;1014;8740;15;243;184;84;156;14;18;18;37;37
803;1;0; ;9624.0;1;0;278;2454;10;212;276;354;7;3;32;32;37;37
804;1;1; ;77000.0;0;1;1014;8769;15;183;280;105;157;14;3;3;37;37
805;3;1; ;52000.0;0;1;97410100;97410031;17;311;341;75;69;15;14;14;37;37
806;1;0; ;29800.0;0;0;1014;8755;15;144;317;17;88;14;49;49;37;37
807;2;0; ;30957.0;0;0;43950100;43950015;16;265;289;335;86;15;54;54;37;37
808;1;0; ;72000.0;0;0;97410100;97410048;17;11;18;42;116;15;72;72;37;37
809;2;1; ;94493.0;1;0;536;1635;7;303;380;404;177;21;18;18;25;25
810;0;0;Portugal win on penalties (1 - 3) ;52000.0;0;0;97410300;97410059;17;107;141;262;54;19;18;18;25;25
811;1;0; ;19915.0;0;0;308;701;12;40;278;348;46;13;32;32;25;25
812;1;0; ;62955.0;0;0;249717;300061498;18;30;68;215;13;20;14;14;25;25
813;4;0; ;51081.0;3;0;255931;300186475;19;219;300;97;1;14;13;13;25;25
814;3;1; ;52000.0;0;0;97410500;97410063;17;157;170;178;69;22;13;13;25;25
815;3;2; ;37306.0;3;1;43950100;43950016;16;230;132;156;166;11;1;1;25;25
816;2;2; ;40123.0;0;1;255931;300186483;19;260;225;39;0;14;1;1;25;25
817;0;0; ;37034.0;0;0;249722;300061489;18;178;127;115;126;14;70;70;25;25
818;0;1; ;45000.0;0;1;97410100;97410008;17;178;299;121;51;11;66;66;25;25
819;2;0; ;41000.0;0;0;97410100;97410019;17;157;170;178;60;9;18;18;64;64
820;2;0; ;46000.0;1;0;97410100;97410036;17;285;81;341;62;9;8;8;64;64
821;1;1; ;35238.0;1;0;322;161;13;301;137;295;143;13;18;18;48;48
822;2;1; ;60790.0;1;0;337;3066;14;283;213;16;18;12;23;23;48;48
823;1;0; ;73303.0;1;0;751;243;13;309;274;366;162;19;15;15;48;48
824;0;1; ;75338.0;0;1;337;3052;14;337;104;265;64;12;15;15;48;48
825;1;1;Spain win on penalties (3 - 2) ;38926.0;0;0;43950200;43950052;16;121;210;340;166;20;14;14;48;48
826;2;0; ;61355.0;2;0;338;3089;14;227;110;50;18;20;35;35;48;48
827;1;1; ;35854.0;1;0;43950100;43950017;16;239;204;17;85;12;13;13;48;48
828;0;3; ;65320.0;0;1;43950100;43950036;16;237;374;22;77;12;52;52;48;48
829;1;0; ;34959.0;0;0;322;150;13;283;352;71;143;13;18;18;78;77
830;4;2; ;9000.0;2;2;204;1119;1;33;94;312;65;18;10;10;78;77
831;1;1; ;33288.0;0;0;322;151;13;315;78;61;26;13;35;35;78;77
832;0;0; ;33288.0;0;0;322;152;13;340;287;204;26;13;48;48;78;77
833;2;0; ;20654.0;1;0;250;1881;8;89;315;349;22;3;6;6;80;79
834;0;0; ;9890.0;0;0;250;1877;8;92;340;362;97;3;15;15;80;79
835;1;1; ;9624.0;0;0;250;1880;8;323;288;160;97;3;12;12;80;79
836;2;0; ;14200.0;0;0;308;476;12;331;10;147;38;10;21;21;40;40
837;2;0; ;13800.0;1;0;308;475;12;9;277;35;38;10;10;10;40;40
838;0;0; ;43000.0;0;0;97410100;97410023;17;202;275;140;56;11;23;23;66;66
839;1;1; ;38000.0;0;0;97410100;97410040;17;305;149;396;180;11;69;69;66;66
840;2;1; ;37836.0;0;0;249722;300061467;18;178;127;115;101;11;33;33;73;73
841;0;1; ;38294.0;0;1;249722;300061470;18;23;235;401;126;11;13;13;73;73
842;8;0; ;7000.0;4;0;429;1158;2;168;372;325;58;19;12;12;17;17
843;3;1; ;28598.0;1;0;43950100;43950008;16;138;344;41;70;9;14;14;62;62
844;0;1; ;30325.0;0;0;249722;300061465;18;36;207;267;123;10;38;38;62;62
845;1;0; ;47226.0;1;0;43950100;43950024;16;293;295;14;24;9;57;57;62;62
846;6;0; ;9000.0;4;0;206;1173;2;76;97;391;170;1;10;10;79;78
847;2;1; ;61962.0;1;0;249717;300111113;18;23;235;401;27;20;35;35;75;75
848;1;1; ;23871.0;0;0;249722;300061483;18;87;263;240;136;13;74;74;75;75
849;0;3; ;52000.0;0;2;97410100;97410010;17;11;18;42;54;12;1;1;67;67
850;1;0; ;24000.0;1;0;308;628;12;259;352;337;10;9;8;8;43;43
851;2;1; ;48000.0;0;1;97410100;97410014;17;261;322;364;53;14;42;42;68;68
